[/domains/root/db/aaa.html .aaa /domains/root/db/aarp.html .aarp /domains/root/db/abarth.html .abarth /domains/root/db/abb.html .abb /domains/root/db/abbott.html .abbott /domains/root/db/abbvie.html .abbvie /domains/root/db/abc.html .abc /domains/root/db/able.html .able /domains/root/db/abogado.html .abogado /domains/root/db/abudhabi.html .abudhabi /domains/root/db/ac.html .ac /domains/root/db/academy.html .academy /domains/root/db/accenture.html .accenture /domains/root/db/accountant.html .accountant /domains/root/db/accountants.html .accountants /domains/root/db/aco.html .aco /domains/root/db/active.html .active /domains/root/db/actor.html .actor /domains/root/db/ad.html .ad /domains/root/db/adac.html .adac /domains/root/db/ads.html .ads /domains/root/db/adult.html .adult /domains/root/db/ae.html .ae /domains/root/db/aeg.html .aeg /domains/root/db/aero.html .aero /domains/root/db/aetna.html .aetna /domains/root/db/af.html .af /domains/root/db/afamilycompany.html .afamilycompany /domains/root/db/afl.html .afl /domains/root/db/africa.html .africa /domains/root/db/ag.html .ag /domains/root/db/agakhan.html .agakhan /domains/root/db/agency.html .agency /domains/root/db/ai.html .ai /domains/root/db/aig.html .aig /domains/root/db/aigo.html .aigo /domains/root/db/airbus.html .airbus /domains/root/db/airforce.html .airforce /domains/root/db/airtel.html .airtel /domains/root/db/akdn.html .akdn /domains/root/db/al.html .al /domains/root/db/alfaromeo.html .alfaromeo /domains/root/db/alibaba.html .alibaba /domains/root/db/alipay.html .alipay /domains/root/db/allfinanz.html .allfinanz /domains/root/db/allstate.html .allstate /domains/root/db/ally.html .ally /domains/root/db/alsace.html .alsace /domains/root/db/alstom.html .alstom /domains/root/db/am.html .am /domains/root/db/americanexpress.html .americanexpress /domains/root/db/americanfamily.html .americanfamily /domains/root/db/amex.html .amex /domains/root/db/amfam.html .amfam /domains/root/db/amica.html .amica /domains/root/db/amsterdam.html .amsterdam /domains/root/db/an.html .an /domains/root/db/analytics.html .analytics /domains/root/db/android.html .android /domains/root/db/anquan.html .anquan /domains/root/db/anz.html .anz /domains/root/db/ao.html .ao /domains/root/db/aol.html .aol /domains/root/db/apartments.html .apartments /domains/root/db/app.html .app /domains/root/db/apple.html .apple /domains/root/db/aq.html .aq /domains/root/db/aquarelle.html .aquarelle /domains/root/db/ar.html .ar /domains/root/db/aramco.html .aramco /domains/root/db/archi.html .archi /domains/root/db/army.html .army /domains/root/db/arpa.html .arpa /domains/root/db/art.html .art /domains/root/db/arte.html .arte /domains/root/db/as.html .as /domains/root/db/asda.html .asda /domains/root/db/asia.html .asia /domains/root/db/associates.html .associates /domains/root/db/at.html .at /domains/root/db/athleta.html .athleta /domains/root/db/attorney.html .attorney /domains/root/db/au.html .au /domains/root/db/auction.html .auction /domains/root/db/audi.html .audi /domains/root/db/audible.html .audible /domains/root/db/audio.html .audio /domains/root/db/auspost.html .auspost /domains/root/db/author.html .author /domains/root/db/auto.html .auto /domains/root/db/autos.html .autos /domains/root/db/avianca.html .avianca /domains/root/db/aw.html .aw /domains/root/db/aws.html .aws /domains/root/db/ax.html .ax /domains/root/db/axa.html .axa /domains/root/db/az.html .az /domains/root/db/azure.html .azure /domains/root/db/ba.html .ba /domains/root/db/baby.html .baby /domains/root/db/baidu.html .baidu /domains/root/db/banamex.html .banamex /domains/root/db/bananarepublic.html .bananarepublic /domains/root/db/band.html .band /domains/root/db/bank.html .bank /domains/root/db/bar.html .bar /domains/root/db/barcelona.html .barcelona /domains/root/db/barclaycard.html .barclaycard /domains/root/db/barclays.html .barclays /domains/root/db/barefoot.html .barefoot /domains/root/db/bargains.html .bargains /domains/root/db/baseball.html .baseball /domains/root/db/basketball.html .basketball /domains/root/db/bauhaus.html .bauhaus /domains/root/db/bayern.html .bayern /domains/root/db/bb.html .bb /domains/root/db/bbc.html .bbc /domains/root/db/bbt.html .bbt /domains/root/db/bbva.html .bbva /domains/root/db/bcg.html .bcg /domains/root/db/bcn.html .bcn /domains/root/db/bd.html .bd /domains/root/db/be.html .be /domains/root/db/beats.html .beats /domains/root/db/beauty.html .beauty /domains/root/db/beer.html .beer /domains/root/db/bentley.html .bentley /domains/root/db/berlin.html .berlin /domains/root/db/best.html .best /domains/root/db/bestbuy.html .bestbuy /domains/root/db/bet.html .bet /domains/root/db/bf.html .bf /domains/root/db/bg.html .bg /domains/root/db/bh.html .bh /domains/root/db/bharti.html .bharti /domains/root/db/bi.html .bi /domains/root/db/bible.html .bible /domains/root/db/bid.html .bid /domains/root/db/bike.html .bike /domains/root/db/bing.html .bing /domains/root/db/bingo.html .bingo /domains/root/db/bio.html .bio /domains/root/db/biz.html .biz /domains/root/db/bj.html .bj /domains/root/db/bl.html .bl /domains/root/db/black.html .black /domains/root/db/blackfriday.html .blackfriday /domains/root/db/blanco.html .blanco /domains/root/db/blockbuster.html .blockbuster /domains/root/db/blog.html .blog /domains/root/db/bloomberg.html .bloomberg /domains/root/db/blue.html .blue /domains/root/db/bm.html .bm /domains/root/db/bms.html .bms /domains/root/db/bmw.html .bmw /domains/root/db/bn.html .bn /domains/root/db/bnl.html .bnl /domains/root/db/bnpparibas.html .bnpparibas /domains/root/db/bo.html .bo /domains/root/db/boats.html .boats /domains/root/db/boehringer.html .boehringer /domains/root/db/bofa.html .bofa /domains/root/db/bom.html .bom /domains/root/db/bond.html .bond /domains/root/db/boo.html .boo /domains/root/db/book.html .book /domains/root/db/booking.html .booking /domains/root/db/boots.html .boots /domains/root/db/bosch.html .bosch /domains/root/db/bostik.html .bostik /domains/root/db/boston.html .boston /domains/root/db/bot.html .bot /domains/root/db/boutique.html .boutique /domains/root/db/box.html .box /domains/root/db/bq.html .bq /domains/root/db/br.html .br /domains/root/db/bradesco.html .bradesco /domains/root/db/bridgestone.html .bridgestone /domains/root/db/broadway.html .broadway /domains/root/db/broker.html .broker /domains/root/db/brother.html .brother /domains/root/db/brussels.html .brussels /domains/root/db/bs.html .bs /domains/root/db/bt.html .bt /domains/root/db/budapest.html .budapest /domains/root/db/bugatti.html .bugatti /domains/root/db/build.html .build /domains/root/db/builders.html .builders /domains/root/db/business.html .business /domains/root/db/buy.html .buy /domains/root/db/buzz.html .buzz /domains/root/db/bv.html .bv /domains/root/db/bw.html .bw /domains/root/db/by.html .by /domains/root/db/bz.html .bz /domains/root/db/bzh.html .bzh /domains/root/db/ca.html .ca /domains/root/db/cab.html .cab /domains/root/db/cafe.html .cafe /domains/root/db/cal.html .cal /domains/root/db/call.html .call /domains/root/db/calvinklein.html .calvinklein /domains/root/db/cam.html .cam /domains/root/db/camera.html .camera /domains/root/db/camp.html .camp /domains/root/db/cancerresearch.html .cancerresearch /domains/root/db/canon.html .canon /domains/root/db/capetown.html .capetown /domains/root/db/capital.html .capital /domains/root/db/capitalone.html .capitalone /domains/root/db/car.html .car /domains/root/db/caravan.html .caravan /domains/root/db/cards.html .cards /domains/root/db/care.html .care /domains/root/db/career.html .career /domains/root/db/careers.html .careers /domains/root/db/cars.html .cars /domains/root/db/cartier.html .cartier /domains/root/db/casa.html .casa /domains/root/db/case.html .case /domains/root/db/caseih.html .caseih /domains/root/db/cash.html .cash /domains/root/db/casino.html .casino /domains/root/db/cat.html .cat /domains/root/db/catering.html .catering /domains/root/db/catholic.html .catholic /domains/root/db/cba.html .cba /domains/root/db/cbn.html .cbn /domains/root/db/cbre.html .cbre /domains/root/db/cbs.html .cbs /domains/root/db/cc.html .cc /domains/root/db/cd.html .cd /domains/root/db/ceb.html .ceb /domains/root/db/center.html .center /domains/root/db/ceo.html .ceo /domains/root/db/cern.html .cern /domains/root/db/cf.html .cf /domains/root/db/cfa.html .cfa /domains/root/db/cfd.html .cfd /domains/root/db/cg.html .cg /domains/root/db/ch.html .ch /domains/root/db/chanel.html .chanel /domains/root/db/channel.html .channel /domains/root/db/chase.html .chase /domains/root/db/chat.html .chat /domains/root/db/cheap.html .cheap /domains/root/db/chintai.html .chintai /domains/root/db/chloe.html .chloe /domains/root/db/christmas.html .christmas /domains/root/db/chrome.html .chrome /domains/root/db/chrysler.html .chrysler /domains/root/db/church.html .church /domains/root/db/ci.html .ci /domains/root/db/cipriani.html .cipriani /domains/root/db/circle.html .circle /domains/root/db/cisco.html .cisco /domains/root/db/citadel.html .citadel /domains/root/db/citi.html .citi /domains/root/db/citic.html .citic /domains/root/db/city.html .city /domains/root/db/cityeats.html .cityeats /domains/root/db/ck.html .ck /domains/root/db/cl.html .cl /domains/root/db/claims.html .claims /domains/root/db/cleaning.html .cleaning /domains/root/db/click.html .click /domains/root/db/clinic.html .clinic /domains/root/db/clinique.html .clinique /domains/root/db/clothing.html .clothing /domains/root/db/cloud.html .cloud /domains/root/db/club.html .club /domains/root/db/clubmed.html .clubmed /domains/root/db/cm.html .cm /domains/root/db/cn.html .cn /domains/root/db/co.html .co /domains/root/db/coach.html .coach /domains/root/db/codes.html .codes /domains/root/db/coffee.html .coffee /domains/root/db/college.html .college /domains/root/db/cologne.html .cologne /domains/root/db/com.html .com /domains/root/db/comcast.html .comcast /domains/root/db/commbank.html .commbank /domains/root/db/community.html .community /domains/root/db/company.html .company /domains/root/db/compare.html .compare /domains/root/db/computer.html .computer /domains/root/db/comsec.html .comsec /domains/root/db/condos.html .condos /domains/root/db/construction.html .construction /domains/root/db/consulting.html .consulting /domains/root/db/contact.html .contact /domains/root/db/contractors.html .contractors /domains/root/db/cooking.html .cooking /domains/root/db/cookingchannel.html .cookingchannel /domains/root/db/cool.html .cool /domains/root/db/coop.html .coop /domains/root/db/corsica.html .corsica /domains/root/db/country.html .country /domains/root/db/coupon.html .coupon /domains/root/db/coupons.html .coupons /domains/root/db/courses.html .courses /domains/root/db/cr.html .cr /domains/root/db/credit.html .credit /domains/root/db/creditcard.html .creditcard /domains/root/db/creditunion.html .creditunion /domains/root/db/cricket.html .cricket /domains/root/db/crown.html .crown /domains/root/db/crs.html .crs /domains/root/db/cruise.html .cruise /domains/root/db/cruises.html .cruises /domains/root/db/csc.html .csc /domains/root/db/cu.html .cu /domains/root/db/cuisinella.html .cuisinella /domains/root/db/cv.html .cv /domains/root/db/cw.html .cw /domains/root/db/cx.html .cx /domains/root/db/cy.html .cy /domains/root/db/cymru.html .cymru /domains/root/db/cyou.html .cyou /domains/root/db/cz.html .cz /domains/root/db/dabur.html .dabur /domains/root/db/dad.html .dad /domains/root/db/dance.html .dance /domains/root/db/data.html .data /domains/root/db/date.html .date /domains/root/db/dating.html .dating /domains/root/db/datsun.html .datsun /domains/root/db/day.html .day /domains/root/db/dclk.html .dclk /domains/root/db/dds.html .dds /domains/root/db/de.html .de /domains/root/db/deal.html .deal /domains/root/db/dealer.html .dealer /domains/root/db/deals.html .deals /domains/root/db/degree.html .degree /domains/root/db/delivery.html .delivery /domains/root/db/dell.html .dell /domains/root/db/deloitte.html .deloitte /domains/root/db/delta.html .delta /domains/root/db/democrat.html .democrat /domains/root/db/dental.html .dental /domains/root/db/dentist.html .dentist /domains/root/db/desi.html .desi /domains/root/db/design.html .design /domains/root/db/dev.html .dev /domains/root/db/dhl.html .dhl /domains/root/db/diamonds.html .diamonds /domains/root/db/diet.html .diet /domains/root/db/digital.html .digital /domains/root/db/direct.html .direct /domains/root/db/directory.html .directory /domains/root/db/discount.html .discount /domains/root/db/discover.html .discover /domains/root/db/dish.html .dish /domains/root/db/diy.html .diy /domains/root/db/dj.html .dj /domains/root/db/dk.html .dk /domains/root/db/dm.html .dm /domains/root/db/dnp.html .dnp /domains/root/db/do.html .do /domains/root/db/docs.html .docs /domains/root/db/doctor.html .doctor /domains/root/db/dodge.html .dodge /domains/root/db/dog.html .dog /domains/root/db/doha.html .doha /domains/root/db/domains.html .domains /domains/root/db/doosan.html .doosan /domains/root/db/dot.html .dot /domains/root/db/download.html .download /domains/root/db/drive.html .drive /domains/root/db/dtv.html .dtv /domains/root/db/dubai.html .dubai /domains/root/db/duck.html .duck /domains/root/db/dunlop.html .dunlop /domains/root/db/duns.html .duns /domains/root/db/dupont.html .dupont /domains/root/db/durban.html .durban /domains/root/db/dvag.html .dvag /domains/root/db/dvr.html .dvr /domains/root/db/dz.html .dz /domains/root/db/earth.html .earth /domains/root/db/eat.html .eat /domains/root/db/ec.html .ec /domains/root/db/eco.html .eco /domains/root/db/edeka.html .edeka /domains/root/db/edu.html .edu /domains/root/db/education.html .education /domains/root/db/ee.html .ee /domains/root/db/eg.html .eg /domains/root/db/eh.html .eh /domains/root/db/email.html .email /domains/root/db/emerck.html .emerck /domains/root/db/energy.html .energy /domains/root/db/engineer.html .engineer /domains/root/db/engineering.html .engineering /domains/root/db/enterprises.html .enterprises /domains/root/db/epost.html .epost /domains/root/db/epson.html .epson /domains/root/db/equipment.html .equipment /domains/root/db/er.html .er /domains/root/db/ericsson.html .ericsson /domains/root/db/erni.html .erni /domains/root/db/es.html .es /domains/root/db/esq.html .esq /domains/root/db/estate.html .estate /domains/root/db/esurance.html .esurance /domains/root/db/et.html .et /domains/root/db/eu.html .eu /domains/root/db/eurovision.html .eurovision /domains/root/db/eus.html .eus /domains/root/db/events.html .events /domains/root/db/everbank.html .everbank /domains/root/db/exchange.html .exchange /domains/root/db/expert.html .expert /domains/root/db/exposed.html .exposed /domains/root/db/express.html .express /domains/root/db/extraspace.html .extraspace /domains/root/db/fage.html .fage /domains/root/db/fail.html .fail /domains/root/db/fairwinds.html .fairwinds /domains/root/db/faith.html .faith /domains/root/db/family.html .family /domains/root/db/fan.html .fan /domains/root/db/fans.html .fans /domains/root/db/farm.html .farm /domains/root/db/farmers.html .farmers /domains/root/db/fashion.html .fashion /domains/root/db/fast.html .fast /domains/root/db/fedex.html .fedex /domains/root/db/feedback.html .feedback /domains/root/db/ferrari.html .ferrari /domains/root/db/ferrero.html .ferrero /domains/root/db/fi.html .fi /domains/root/db/fiat.html .fiat /domains/root/db/fidelity.html .fidelity /domains/root/db/fido.html .fido /domains/root/db/film.html .film /domains/root/db/final.html .final /domains/root/db/finance.html .finance /domains/root/db/financial.html .financial /domains/root/db/fire.html .fire /domains/root/db/firestone.html .firestone /domains/root/db/firmdale.html .firmdale /domains/root/db/fish.html .fish /domains/root/db/fishing.html .fishing /domains/root/db/fit.html .fit /domains/root/db/fitness.html .fitness /domains/root/db/fj.html .fj /domains/root/db/fk.html .fk /domains/root/db/flickr.html .flickr /domains/root/db/flights.html .flights /domains/root/db/flir.html .flir /domains/root/db/florist.html .florist /domains/root/db/flowers.html .flowers /domains/root/db/flsmidth.html .flsmidth /domains/root/db/fly.html .fly /domains/root/db/fm.html .fm /domains/root/db/fo.html .fo /domains/root/db/foo.html .foo /domains/root/db/food.html .food /domains/root/db/foodnetwork.html .foodnetwork /domains/root/db/football.html .football /domains/root/db/ford.html .ford /domains/root/db/forex.html .forex /domains/root/db/forsale.html .forsale /domains/root/db/forum.html .forum /domains/root/db/foundation.html .foundation /domains/root/db/fox.html .fox /domains/root/db/fr.html .fr /domains/root/db/free.html .free /domains/root/db/fresenius.html .fresenius /domains/root/db/frl.html .frl /domains/root/db/frogans.html .frogans /domains/root/db/frontdoor.html .frontdoor /domains/root/db/frontier.html .frontier /domains/root/db/ftr.html .ftr /domains/root/db/fujitsu.html .fujitsu /domains/root/db/fujixerox.html .fujixerox /domains/root/db/fun.html .fun /domains/root/db/fund.html .fund /domains/root/db/furniture.html .furniture /domains/root/db/futbol.html .futbol /domains/root/db/fyi.html .fyi /domains/root/db/ga.html .ga /domains/root/db/gal.html .gal /domains/root/db/gallery.html .gallery /domains/root/db/gallo.html .gallo /domains/root/db/gallup.html .gallup /domains/root/db/game.html .game /domains/root/db/games.html .games /domains/root/db/gap.html .gap /domains/root/db/garden.html .garden /domains/root/db/gb.html .gb /domains/root/db/gbiz.html .gbiz /domains/root/db/gd.html .gd /domains/root/db/gdn.html .gdn /domains/root/db/ge.html .ge /domains/root/db/gea.html .gea /domains/root/db/gent.html .gent /domains/root/db/genting.html .genting /domains/root/db/george.html .george /domains/root/db/gf.html .gf /domains/root/db/gg.html .gg /domains/root/db/ggee.html .ggee /domains/root/db/gh.html .gh /domains/root/db/gi.html .gi /domains/root/db/gift.html .gift /domains/root/db/gifts.html .gifts /domains/root/db/gives.html .gives /domains/root/db/giving.html .giving /domains/root/db/gl.html .gl /domains/root/db/glade.html .glade /domains/root/db/glass.html .glass /domains/root/db/gle.html .gle /domains/root/db/global.html .global /domains/root/db/globo.html .globo /domains/root/db/gm.html .gm /domains/root/db/gmail.html .gmail /domains/root/db/gmbh.html .gmbh /domains/root/db/gmo.html .gmo /domains/root/db/gmx.html .gmx /domains/root/db/gn.html .gn /domains/root/db/godaddy.html .godaddy /domains/root/db/gold.html .gold /domains/root/db/goldpoint.html .goldpoint /domains/root/db/golf.html .golf /domains/root/db/goo.html .goo /domains/root/db/goodhands.html .goodhands /domains/root/db/goodyear.html .goodyear /domains/root/db/goog.html .goog /domains/root/db/google.html .google /domains/root/db/gop.html .gop /domains/root/db/got.html .got /domains/root/db/gov.html .gov /domains/root/db/gp.html .gp /domains/root/db/gq.html .gq /domains/root/db/gr.html .gr /domains/root/db/grainger.html .grainger /domains/root/db/graphics.html .graphics /domains/root/db/gratis.html .gratis /domains/root/db/green.html .green /domains/root/db/gripe.html .gripe /domains/root/db/group.html .group /domains/root/db/gs.html .gs /domains/root/db/gt.html .gt /domains/root/db/gu.html .gu /domains/root/db/guardian.html .guardian /domains/root/db/gucci.html .gucci /domains/root/db/guge.html .guge /domains/root/db/guide.html .guide /domains/root/db/guitars.html .guitars /domains/root/db/guru.html .guru /domains/root/db/gw.html .gw /domains/root/db/gy.html .gy /domains/root/db/hair.html .hair /domains/root/db/hamburg.html .hamburg /domains/root/db/hangout.html .hangout /domains/root/db/haus.html .haus /domains/root/db/hbo.html .hbo /domains/root/db/hdfc.html .hdfc /domains/root/db/hdfcbank.html .hdfcbank /domains/root/db/health.html .health /domains/root/db/healthcare.html .healthcare /domains/root/db/help.html .help /domains/root/db/helsinki.html .helsinki /domains/root/db/here.html .here /domains/root/db/hermes.html .hermes /domains/root/db/hgtv.html .hgtv /domains/root/db/hiphop.html .hiphop /domains/root/db/hisamitsu.html .hisamitsu /domains/root/db/hitachi.html .hitachi /domains/root/db/hiv.html .hiv /domains/root/db/hk.html .hk /domains/root/db/hkt.html .hkt /domains/root/db/hm.html .hm /domains/root/db/hn.html .hn /domains/root/db/hockey.html .hockey /domains/root/db/holdings.html .holdings /domains/root/db/holiday.html .holiday /domains/root/db/homedepot.html .homedepot /domains/root/db/homegoods.html .homegoods /domains/root/db/homes.html .homes /domains/root/db/homesense.html .homesense /domains/root/db/honda.html .honda /domains/root/db/honeywell.html .honeywell /domains/root/db/horse.html .horse /domains/root/db/hospital.html .hospital /domains/root/db/host.html .host /domains/root/db/hosting.html .hosting /domains/root/db/hot.html .hot /domains/root/db/hoteles.html .hoteles /domains/root/db/hotmail.html .hotmail /domains/root/db/house.html .house /domains/root/db/how.html .how /domains/root/db/hr.html .hr /domains/root/db/hsbc.html .hsbc /domains/root/db/ht.html .ht /domains/root/db/htc.html .htc /domains/root/db/hu.html .hu /domains/root/db/hughes.html .hughes /domains/root/db/hyatt.html .hyatt /domains/root/db/hyundai.html .hyundai /domains/root/db/ibm.html .ibm /domains/root/db/icbc.html .icbc /domains/root/db/ice.html .ice /domains/root/db/icu.html .icu /domains/root/db/id.html .id /domains/root/db/ie.html .ie /domains/root/db/ieee.html .ieee /domains/root/db/ifm.html .ifm /domains/root/db/iinet.html .iinet /domains/root/db/ikano.html .ikano /domains/root/db/il.html .il /domains/root/db/im.html .im /domains/root/db/imamat.html .imamat /domains/root/db/imdb.html .imdb /domains/root/db/immo.html .immo /domains/root/db/immobilien.html .immobilien /domains/root/db/in.html .in /domains/root/db/industries.html .industries /domains/root/db/infiniti.html .infiniti /domains/root/db/info.html .info /domains/root/db/ing.html .ing /domains/root/db/ink.html .ink /domains/root/db/institute.html .institute /domains/root/db/insurance.html .insurance /domains/root/db/insure.html .insure /domains/root/db/int.html .int /domains/root/db/intel.html .intel /domains/root/db/international.html .international /domains/root/db/intuit.html .intuit /domains/root/db/investments.html .investments /domains/root/db/io.html .io /domains/root/db/ipiranga.html .ipiranga /domains/root/db/iq.html .iq /domains/root/db/ir.html .ir /domains/root/db/irish.html .irish /domains/root/db/is.html .is /domains/root/db/iselect.html .iselect /domains/root/db/ismaili.html .ismaili /domains/root/db/ist.html .ist /domains/root/db/istanbul.html .istanbul /domains/root/db/it.html .it /domains/root/db/itau.html .itau /domains/root/db/itv.html .itv /domains/root/db/iveco.html .iveco /domains/root/db/iwc.html .iwc /domains/root/db/jaguar.html .jaguar /domains/root/db/java.html .java /domains/root/db/jcb.html .jcb /domains/root/db/jcp.html .jcp /domains/root/db/je.html .je /domains/root/db/jeep.html .jeep /domains/root/db/jetzt.html .jetzt /domains/root/db/jewelry.html .jewelry /domains/root/db/jio.html .jio /domains/root/db/jlc.html .jlc /domains/root/db/jll.html .jll /domains/root/db/jm.html .jm /domains/root/db/jmp.html .jmp /domains/root/db/jnj.html .jnj /domains/root/db/jo.html .jo /domains/root/db/jobs.html .jobs /domains/root/db/joburg.html .joburg /domains/root/db/jot.html .jot /domains/root/db/joy.html .joy /domains/root/db/jp.html .jp /domains/root/db/jpmorgan.html .jpmorgan /domains/root/db/jprs.html .jprs /domains/root/db/juegos.html .juegos /domains/root/db/juniper.html .juniper /domains/root/db/kaufen.html .kaufen /domains/root/db/kddi.html .kddi /domains/root/db/ke.html .ke /domains/root/db/kerryhotels.html .kerryhotels /domains/root/db/kerrylogistics.html .kerrylogistics /domains/root/db/kerryproperties.html .kerryproperties /domains/root/db/kfh.html .kfh /domains/root/db/kg.html .kg /domains/root/db/kh.html .kh /domains/root/db/ki.html .ki /domains/root/db/kia.html .kia /domains/root/db/kim.html .kim /domains/root/db/kinder.html .kinder /domains/root/db/kindle.html .kindle /domains/root/db/kitchen.html .kitchen /domains/root/db/kiwi.html .kiwi /domains/root/db/km.html .km /domains/root/db/kn.html .kn /domains/root/db/koeln.html .koeln /domains/root/db/komatsu.html .komatsu /domains/root/db/kosher.html .kosher /domains/root/db/kp.html .kp /domains/root/db/kpmg.html .kpmg /domains/root/db/kpn.html .kpn /domains/root/db/kr.html .kr /domains/root/db/krd.html .krd /domains/root/db/kred.html .kred /domains/root/db/kuokgroup.html .kuokgroup /domains/root/db/kw.html .kw /domains/root/db/ky.html .ky /domains/root/db/kyoto.html .kyoto /domains/root/db/kz.html .kz /domains/root/db/la.html .la /domains/root/db/lacaixa.html .lacaixa /domains/root/db/ladbrokes.html .ladbrokes /domains/root/db/lamborghini.html .lamborghini /domains/root/db/lamer.html .lamer /domains/root/db/lancaster.html .lancaster /domains/root/db/lancia.html .lancia /domains/root/db/lancome.html .lancome /domains/root/db/land.html .land /domains/root/db/landrover.html .landrover /domains/root/db/lanxess.html .lanxess /domains/root/db/lasalle.html .lasalle /domains/root/db/lat.html .lat /domains/root/db/latino.html .latino /domains/root/db/latrobe.html .latrobe /domains/root/db/law.html .law /domains/root/db/lawyer.html .lawyer /domains/root/db/lb.html .lb /domains/root/db/lc.html .lc /domains/root/db/lds.html .lds /domains/root/db/lease.html .lease /domains/root/db/leclerc.html .leclerc /domains/root/db/lefrak.html .lefrak /domains/root/db/legal.html .legal /domains/root/db/lego.html .lego /domains/root/db/lexus.html .lexus /domains/root/db/lgbt.html .lgbt /domains/root/db/li.html .li /domains/root/db/liaison.html .liaison /domains/root/db/lidl.html .lidl /domains/root/db/life.html .life /domains/root/db/lifeinsurance.html .lifeinsurance /domains/root/db/lifestyle.html .lifestyle /domains/root/db/lighting.html .lighting /domains/root/db/like.html .like /domains/root/db/lilly.html .lilly /domains/root/db/limited.html .limited /domains/root/db/limo.html .limo /domains/root/db/lincoln.html .lincoln /domains/root/db/linde.html .linde /domains/root/db/link.html .link /domains/root/db/lipsy.html .lipsy /domains/root/db/live.html .live /domains/root/db/living.html .living /domains/root/db/lixil.html .lixil /domains/root/db/lk.html .lk /domains/root/db/loan.html .loan /domains/root/db/loans.html .loans /domains/root/db/locker.html .locker /domains/root/db/locus.html .locus /domains/root/db/loft.html .loft /domains/root/db/lol.html .lol /domains/root/db/london.html .london /domains/root/db/lotte.html .lotte /domains/root/db/lotto.html .lotto /domains/root/db/love.html .love /domains/root/db/lpl.html .lpl /domains/root/db/lplfinancial.html .lplfinancial /domains/root/db/lr.html .lr /domains/root/db/ls.html .ls /domains/root/db/lt.html .lt /domains/root/db/ltd.html .ltd /domains/root/db/ltda.html .ltda /domains/root/db/lu.html .lu /domains/root/db/lundbeck.html .lundbeck /domains/root/db/lupin.html .lupin /domains/root/db/luxe.html .luxe /domains/root/db/luxury.html .luxury /domains/root/db/lv.html .lv /domains/root/db/ly.html .ly /domains/root/db/ma.html .ma /domains/root/db/macys.html .macys /domains/root/db/madrid.html .madrid /domains/root/db/maif.html .maif /domains/root/db/maison.html .maison /domains/root/db/makeup.html .makeup /domains/root/db/man.html .man /domains/root/db/management.html .management /domains/root/db/mango.html .mango /domains/root/db/market.html .market /domains/root/db/marketing.html .marketing /domains/root/db/markets.html .markets /domains/root/db/marriott.html .marriott /domains/root/db/marshalls.html .marshalls /domains/root/db/maserati.html .maserati /domains/root/db/mattel.html .mattel /domains/root/db/mba.html .mba /domains/root/db/mc.html .mc /domains/root/db/mcd.html .mcd /domains/root/db/mcdonalds.html .mcdonalds /domains/root/db/mckinsey.html .mckinsey /domains/root/db/md.html .md /domains/root/db/me.html .me /domains/root/db/med.html .med /domains/root/db/media.html .media /domains/root/db/meet.html .meet /domains/root/db/melbourne.html .melbourne /domains/root/db/meme.html .meme /domains/root/db/memorial.html .memorial /domains/root/db/men.html .men /domains/root/db/menu.html .menu /domains/root/db/meo.html .meo /domains/root/db/metlife.html .metlife /domains/root/db/mf.html .mf /domains/root/db/mg.html .mg /domains/root/db/mh.html .mh /domains/root/db/miami.html .miami /domains/root/db/microsoft.html .microsoft /domains/root/db/mil.html .mil /domains/root/db/mini.html .mini /domains/root/db/mint.html .mint /domains/root/db/mit.html .mit /domains/root/db/mitsubishi.html .mitsubishi /domains/root/db/mk.html .mk /domains/root/db/ml.html .ml /domains/root/db/mlb.html .mlb /domains/root/db/mls.html .mls /domains/root/db/mm.html .mm /domains/root/db/mma.html .mma /domains/root/db/mn.html .mn /domains/root/db/mo.html .mo /domains/root/db/mobi.html .mobi /domains/root/db/mobile.html .mobile /domains/root/db/mobily.html .mobily /domains/root/db/moda.html .moda /domains/root/db/moe.html .moe /domains/root/db/moi.html .moi /domains/root/db/mom.html .mom /domains/root/db/monash.html .monash /domains/root/db/money.html .money /domains/root/db/monster.html .monster /domains/root/db/montblanc.html .montblanc /domains/root/db/mopar.html .mopar /domains/root/db/mormon.html .mormon /domains/root/db/mortgage.html .mortgage /domains/root/db/moscow.html .moscow /domains/root/db/moto.html .moto /domains/root/db/motorcycles.html .motorcycles /domains/root/db/mov.html .mov /domains/root/db/movie.html .movie /domains/root/db/movistar.html .movistar /domains/root/db/mp.html .mp /domains/root/db/mq.html .mq /domains/root/db/mr.html .mr /domains/root/db/ms.html .ms /domains/root/db/msd.html .msd /domains/root/db/mt.html .mt /domains/root/db/mtn.html .mtn /domains/root/db/mtpc.html .mtpc /domains/root/db/mtr.html .mtr /domains/root/db/mu.html .mu /domains/root/db/museum.html .museum /domains/root/db/mutual.html .mutual /domains/root/db/mutuelle.html .mutuelle /domains/root/db/mv.html .mv /domains/root/db/mw.html .mw /domains/root/db/mx.html .mx /domains/root/db/my.html .my /domains/root/db/mz.html .mz /domains/root/db/na.html .na /domains/root/db/nab.html .nab /domains/root/db/nadex.html .nadex /domains/root/db/nagoya.html .nagoya /domains/root/db/name.html .name /domains/root/db/nationwide.html .nationwide /domains/root/db/natura.html .natura /domains/root/db/navy.html .navy /domains/root/db/nba.html .nba /domains/root/db/nc.html .nc /domains/root/db/ne.html .ne /domains/root/db/nec.html .nec /domains/root/db/net.html .net /domains/root/db/netbank.html .netbank /domains/root/db/netflix.html .netflix /domains/root/db/network.html .network /domains/root/db/neustar.html .neustar /domains/root/db/new.html .new /domains/root/db/newholland.html .newholland /domains/root/db/news.html .news /domains/root/db/next.html .next /domains/root/db/nextdirect.html .nextdirect /domains/root/db/nexus.html .nexus /domains/root/db/nf.html .nf /domains/root/db/nfl.html .nfl /domains/root/db/ng.html .ng /domains/root/db/ngo.html .ngo /domains/root/db/nhk.html .nhk /domains/root/db/ni.html .ni /domains/root/db/nico.html .nico /domains/root/db/nike.html .nike /domains/root/db/nikon.html .nikon /domains/root/db/ninja.html .ninja /domains/root/db/nissan.html .nissan /domains/root/db/nissay.html .nissay /domains/root/db/nl.html .nl /domains/root/db/no.html .no /domains/root/db/nokia.html .nokia /domains/root/db/northwesternmutual.html .northwesternmutual /domains/root/db/norton.html .norton /domains/root/db/now.html .now /domains/root/db/nowruz.html .nowruz /domains/root/db/nowtv.html .nowtv /domains/root/db/np.html .np /domains/root/db/nr.html .nr /domains/root/db/nra.html .nra /domains/root/db/nrw.html .nrw /domains/root/db/ntt.html .ntt /domains/root/db/nu.html .nu /domains/root/db/nyc.html .nyc /domains/root/db/nz.html .nz /domains/root/db/obi.html .obi /domains/root/db/observer.html .observer /domains/root/db/off.html .off /domains/root/db/office.html .office /domains/root/db/okinawa.html .okinawa /domains/root/db/olayan.html .olayan /domains/root/db/olayangroup.html .olayangroup /domains/root/db/oldnavy.html .oldnavy /domains/root/db/ollo.html .ollo /domains/root/db/om.html .om /domains/root/db/omega.html .omega /domains/root/db/one.html .one /domains/root/db/ong.html .ong /domains/root/db/onl.html .onl /domains/root/db/online.html .online /domains/root/db/onyourside.html .onyourside /domains/root/db/ooo.html .ooo /domains/root/db/open.html .open /domains/root/db/oracle.html .oracle /domains/root/db/orange.html .orange /domains/root/db/org.html .org /domains/root/db/organic.html .organic /domains/root/db/orientexpress.html .orientexpress /domains/root/db/origins.html .origins /domains/root/db/osaka.html .osaka /domains/root/db/otsuka.html .otsuka /domains/root/db/ott.html .ott /domains/root/db/ovh.html .ovh /domains/root/db/pa.html .pa /domains/root/db/page.html .page /domains/root/db/pamperedchef.html .pamperedchef /domains/root/db/panasonic.html .panasonic /domains/root/db/panerai.html .panerai /domains/root/db/paris.html .paris /domains/root/db/pars.html .pars /domains/root/db/partners.html .partners /domains/root/db/parts.html .parts /domains/root/db/party.html .party /domains/root/db/passagens.html .passagens /domains/root/db/pay.html .pay /domains/root/db/pccw.html .pccw /domains/root/db/pe.html .pe /domains/root/db/pet.html .pet /domains/root/db/pf.html .pf /domains/root/db/pfizer.html .pfizer /domains/root/db/pg.html .pg /domains/root/db/ph.html .ph /domains/root/db/pharmacy.html .pharmacy /domains/root/db/philips.html .philips /domains/root/db/phone.html .phone /domains/root/db/photo.html .photo /domains/root/db/photography.html .photography /domains/root/db/photos.html .photos /domains/root/db/physio.html .physio /domains/root/db/piaget.html .piaget /domains/root/db/pics.html .pics /domains/root/db/pictet.html .pictet /domains/root/db/pictures.html .pictures /domains/root/db/pid.html .pid /domains/root/db/pin.html .pin /domains/root/db/ping.html .ping /domains/root/db/pink.html .pink /domains/root/db/pioneer.html .pioneer /domains/root/db/pizza.html .pizza /domains/root/db/pk.html .pk /domains/root/db/pl.html .pl /domains/root/db/place.html .place /domains/root/db/play.html .play /domains/root/db/playstation.html .playstation /domains/root/db/plumbing.html .plumbing /domains/root/db/plus.html .plus /domains/root/db/pm.html .pm /domains/root/db/pn.html .pn /domains/root/db/pnc.html .pnc /domains/root/db/pohl.html .pohl /domains/root/db/poker.html .poker /domains/root/db/politie.html .politie /domains/root/db/porn.html .porn /domains/root/db/post.html .post /domains/root/db/pr.html .pr /domains/root/db/pramerica.html .pramerica /domains/root/db/praxi.html .praxi /domains/root/db/press.html .press /domains/root/db/prime.html .prime /domains/root/db/pro.html .pro /domains/root/db/prod.html .prod /domains/root/db/productions.html .productions /domains/root/db/prof.html .prof /domains/root/db/progressive.html .progressive /domains/root/db/promo.html .promo /domains/root/db/properties.html .properties /domains/root/db/property.html .property /domains/root/db/protection.html .protection /domains/root/db/pru.html .pru /domains/root/db/prudential.html .prudential /domains/root/db/ps.html .ps /domains/root/db/pt.html .pt /domains/root/db/pub.html .pub /domains/root/db/pw.html .pw /domains/root/db/pwc.html .pwc /domains/root/db/py.html .py /domains/root/db/qa.html .qa /domains/root/db/qpon.html .qpon /domains/root/db/quebec.html .quebec /domains/root/db/quest.html .quest /domains/root/db/qvc.html .qvc /domains/root/db/racing.html .racing /domains/root/db/radio.html .radio /domains/root/db/raid.html .raid /domains/root/db/re.html .re /domains/root/db/read.html .read /domains/root/db/realestate.html .realestate /domains/root/db/realtor.html .realtor /domains/root/db/realty.html .realty /domains/root/db/recipes.html .recipes /domains/root/db/red.html .red /domains/root/db/redstone.html .redstone /domains/root/db/redumbrella.html .redumbrella /domains/root/db/rehab.html .rehab /domains/root/db/reise.html .reise /domains/root/db/reisen.html .reisen /domains/root/db/reit.html .reit /domains/root/db/reliance.html .reliance /domains/root/db/ren.html .ren /domains/root/db/rent.html .rent /domains/root/db/rentals.html .rentals /domains/root/db/repair.html .repair /domains/root/db/report.html .report /domains/root/db/republican.html .republican /domains/root/db/rest.html .rest /domains/root/db/restaurant.html .restaurant /domains/root/db/review.html .review /domains/root/db/reviews.html .reviews /domains/root/db/rexroth.html .rexroth /domains/root/db/rich.html .rich /domains/root/db/richardli.html .richardli /domains/root/db/ricoh.html .ricoh /domains/root/db/rightathome.html .rightathome /domains/root/db/ril.html .ril /domains/root/db/rio.html .rio /domains/root/db/rip.html .rip /domains/root/db/rmit.html .rmit /domains/root/db/ro.html .ro /domains/root/db/rocher.html .rocher /domains/root/db/rocks.html .rocks /domains/root/db/rodeo.html .rodeo /domains/root/db/rogers.html .rogers /domains/root/db/room.html .room /domains/root/db/rs.html .rs /domains/root/db/rsvp.html .rsvp /domains/root/db/ru.html .ru /domains/root/db/ruhr.html .ruhr /domains/root/db/run.html .run /domains/root/db/rw.html .rw /domains/root/db/rwe.html .rwe /domains/root/db/ryukyu.html .ryukyu /domains/root/db/sa.html .sa /domains/root/db/saarland.html .saarland /domains/root/db/safe.html .safe /domains/root/db/safety.html .safety /domains/root/db/sakura.html .sakura /domains/root/db/sale.html .sale /domains/root/db/salon.html .salon /domains/root/db/samsclub.html .samsclub /domains/root/db/samsung.html .samsung /domains/root/db/sandvik.html .sandvik /domains/root/db/sandvikcoromant.html .sandvikcoromant /domains/root/db/sanofi.html .sanofi /domains/root/db/sap.html .sap /domains/root/db/sapo.html .sapo /domains/root/db/sarl.html .sarl /domains/root/db/sas.html .sas /domains/root/db/save.html .save /domains/root/db/saxo.html .saxo /domains/root/db/sb.html .sb /domains/root/db/sbi.html .sbi /domains/root/db/sbs.html .sbs /domains/root/db/sc.html .sc /domains/root/db/sca.html .sca /domains/root/db/scb.html .scb /domains/root/db/schaeffler.html .schaeffler /domains/root/db/schmidt.html .schmidt /domains/root/db/scholarships.html .scholarships /domains/root/db/school.html .school /domains/root/db/schule.html .schule /domains/root/db/schwarz.html .schwarz /domains/root/db/science.html .science /domains/root/db/scjohnson.html .scjohnson /domains/root/db/scor.html .scor /domains/root/db/scot.html .scot /domains/root/db/sd.html .sd /domains/root/db/se.html .se /domains/root/db/seat.html .seat /domains/root/db/secure.html .secure /domains/root/db/security.html .security /domains/root/db/seek.html .seek /domains/root/db/select.html .select /domains/root/db/sener.html .sener /domains/root/db/services.html .services /domains/root/db/ses.html .ses /domains/root/db/seven.html .seven /domains/root/db/sew.html .sew /domains/root/db/sex.html .sex /domains/root/db/sexy.html .sexy /domains/root/db/sfr.html .sfr /domains/root/db/sg.html .sg /domains/root/db/sh.html .sh /domains/root/db/shangrila.html .shangrila /domains/root/db/sharp.html .sharp /domains/root/db/shaw.html .shaw /domains/root/db/shell.html .shell /domains/root/db/shia.html .shia /domains/root/db/shiksha.html .shiksha /domains/root/db/shoes.html .shoes /domains/root/db/shop.html .shop /domains/root/db/shopping.html .shopping /domains/root/db/shouji.html .shouji /domains/root/db/show.html .show /domains/root/db/showtime.html .showtime /domains/root/db/shriram.html .shriram /domains/root/db/si.html .si /domains/root/db/silk.html .silk /domains/root/db/sina.html .sina /domains/root/db/singles.html .singles /domains/root/db/site.html .site /domains/root/db/sj.html .sj /domains/root/db/sk.html .sk /domains/root/db/ski.html .ski /domains/root/db/skin.html .skin /domains/root/db/sky.html .sky /domains/root/db/skype.html .skype /domains/root/db/sl.html .sl /domains/root/db/sling.html .sling /domains/root/db/sm.html .sm /domains/root/db/smart.html .smart /domains/root/db/smile.html .smile /domains/root/db/sn.html .sn /domains/root/db/sncf.html .sncf /domains/root/db/so.html .so /domains/root/db/soccer.html .soccer /domains/root/db/social.html .social /domains/root/db/softbank.html .softbank /domains/root/db/software.html .software /domains/root/db/sohu.html .sohu /domains/root/db/solar.html .solar /domains/root/db/solutions.html .solutions /domains/root/db/song.html .song /domains/root/db/sony.html .sony /domains/root/db/soy.html .soy /domains/root/db/space.html .space /domains/root/db/spiegel.html .spiegel /domains/root/db/spot.html .spot /domains/root/db/spreadbetting.html .spreadbetting /domains/root/db/sr.html .sr /domains/root/db/srl.html .srl /domains/root/db/srt.html .srt /domains/root/db/ss.html .ss /domains/root/db/st.html .st /domains/root/db/stada.html .stada /domains/root/db/staples.html .staples /domains/root/db/star.html .star /domains/root/db/starhub.html .starhub /domains/root/db/statebank.html .statebank /domains/root/db/statefarm.html .statefarm /domains/root/db/statoil.html .statoil /domains/root/db/stc.html .stc /domains/root/db/stcgroup.html .stcgroup /domains/root/db/stockholm.html .stockholm /domains/root/db/storage.html .storage /domains/root/db/store.html .store /domains/root/db/stream.html .stream /domains/root/db/studio.html .studio /domains/root/db/study.html .study /domains/root/db/style.html .style /domains/root/db/su.html .su /domains/root/db/sucks.html .sucks /domains/root/db/supplies.html .supplies /domains/root/db/supply.html .supply /domains/root/db/support.html .support /domains/root/db/surf.html .surf /domains/root/db/surgery.html .surgery /domains/root/db/suzuki.html .suzuki /domains/root/db/sv.html .sv /domains/root/db/swatch.html .swatch /domains/root/db/swiftcover.html .swiftcover /domains/root/db/swiss.html .swiss /domains/root/db/sx.html .sx /domains/root/db/sy.html .sy /domains/root/db/sydney.html .sydney /domains/root/db/symantec.html .symantec /domains/root/db/systems.html .systems /domains/root/db/sz.html .sz /domains/root/db/tab.html .tab /domains/root/db/taipei.html .taipei /domains/root/db/talk.html .talk /domains/root/db/taobao.html .taobao /domains/root/db/target.html .target /domains/root/db/tatamotors.html .tatamotors /domains/root/db/tatar.html .tatar /domains/root/db/tattoo.html .tattoo /domains/root/db/tax.html .tax /domains/root/db/taxi.html .taxi /domains/root/db/tc.html .tc /domains/root/db/tci.html .tci /domains/root/db/td.html .td /domains/root/db/tdk.html .tdk /domains/root/db/team.html .team /domains/root/db/tech.html .tech /domains/root/db/technology.html .technology /domains/root/db/tel.html .tel /domains/root/db/telecity.html .telecity /domains/root/db/telefonica.html .telefonica /domains/root/db/temasek.html .temasek /domains/root/db/tennis.html .tennis /domains/root/db/teva.html .teva /domains/root/db/tf.html .tf /domains/root/db/tg.html .tg /domains/root/db/th.html .th /domains/root/db/thd.html .thd /domains/root/db/theater.html .theater /domains/root/db/theatre.html .theatre /domains/root/db/tiaa.html .tiaa /domains/root/db/tickets.html .tickets /domains/root/db/tienda.html .tienda /domains/root/db/tiffany.html .tiffany /domains/root/db/tips.html .tips /domains/root/db/tires.html .tires /domains/root/db/tirol.html .tirol /domains/root/db/tj.html .tj /domains/root/db/tjmaxx.html .tjmaxx /domains/root/db/tjx.html .tjx /domains/root/db/tk.html .tk /domains/root/db/tkmaxx.html .tkmaxx /domains/root/db/tl.html .tl /domains/root/db/tm.html .tm /domains/root/db/tmall.html .tmall /domains/root/db/tn.html .tn /domains/root/db/to.html .to /domains/root/db/today.html .today /domains/root/db/tokyo.html .tokyo /domains/root/db/tools.html .tools /domains/root/db/top.html .top /domains/root/db/toray.html .toray /domains/root/db/toshiba.html .toshiba /domains/root/db/total.html .total /domains/root/db/tours.html .tours /domains/root/db/town.html .town /domains/root/db/toyota.html .toyota /domains/root/db/toys.html .toys /domains/root/db/tp.html .tp /domains/root/db/tr.html .tr /domains/root/db/trade.html .trade /domains/root/db/trading.html .trading /domains/root/db/training.html .training /domains/root/db/travel.html .travel /domains/root/db/travelchannel.html .travelchannel /domains/root/db/travelers.html .travelers /domains/root/db/travelersinsurance.html .travelersinsurance /domains/root/db/trust.html .trust /domains/root/db/trv.html .trv /domains/root/db/tt.html .tt /domains/root/db/tube.html .tube /domains/root/db/tui.html .tui /domains/root/db/tunes.html .tunes /domains/root/db/tushu.html .tushu /domains/root/db/tv.html .tv /domains/root/db/tvs.html .tvs /domains/root/db/tw.html .tw /domains/root/db/tz.html .tz /domains/root/db/ua.html .ua /domains/root/db/ubank.html .ubank /domains/root/db/ubs.html .ubs /domains/root/db/uconnect.html .uconnect /domains/root/db/ug.html .ug /domains/root/db/uk.html .uk /domains/root/db/um.html .um /domains/root/db/unicom.html .unicom /domains/root/db/university.html .university /domains/root/db/uno.html .uno /domains/root/db/uol.html .uol /domains/root/db/ups.html .ups /domains/root/db/us.html .us /domains/root/db/uy.html .uy /domains/root/db/uz.html .uz /domains/root/db/va.html .va /domains/root/db/vacations.html .vacations /domains/root/db/vana.html .vana /domains/root/db/vanguard.html .vanguard /domains/root/db/vc.html .vc /domains/root/db/ve.html .ve /domains/root/db/vegas.html .vegas /domains/root/db/ventures.html .ventures /domains/root/db/verisign.html .verisign /domains/root/db/versicherung.html .versicherung /domains/root/db/vet.html .vet /domains/root/db/vg.html .vg /domains/root/db/vi.html .vi /domains/root/db/viajes.html .viajes /domains/root/db/video.html .video /domains/root/db/vig.html .vig /domains/root/db/viking.html .viking /domains/root/db/villas.html .villas /domains/root/db/vin.html .vin /domains/root/db/vip.html .vip /domains/root/db/virgin.html .virgin /domains/root/db/visa.html .visa /domains/root/db/vision.html .vision /domains/root/db/vista.html .vista /domains/root/db/vistaprint.html .vistaprint /domains/root/db/viva.html .viva /domains/root/db/vivo.html .vivo /domains/root/db/vlaanderen.html .vlaanderen /domains/root/db/vn.html .vn /domains/root/db/vodka.html .vodka /domains/root/db/volkswagen.html .volkswagen /domains/root/db/volvo.html .volvo /domains/root/db/vote.html .vote /domains/root/db/voting.html .voting /domains/root/db/voto.html .voto /domains/root/db/voyage.html .voyage /domains/root/db/vu.html .vu /domains/root/db/vuelos.html .vuelos /domains/root/db/wales.html .wales /domains/root/db/walmart.html .walmart /domains/root/db/walter.html .walter /domains/root/db/wang.html .wang /domains/root/db/wanggou.html .wanggou /domains/root/db/warman.html .warman /domains/root/db/watch.html .watch /domains/root/db/watches.html .watches /domains/root/db/weather.html .weather /domains/root/db/weatherchannel.html .weatherchannel /domains/root/db/webcam.html .webcam /domains/root/db/weber.html .weber /domains/root/db/website.html .website /domains/root/db/wed.html .wed /domains/root/db/wedding.html .wedding /domains/root/db/weibo.html .weibo /domains/root/db/weir.html .weir /domains/root/db/wf.html .wf /domains/root/db/whoswho.html .whoswho /domains/root/db/wien.html .wien /domains/root/db/wiki.html .wiki /domains/root/db/williamhill.html .williamhill /domains/root/db/win.html .win /domains/root/db/windows.html .windows /domains/root/db/wine.html .wine /domains/root/db/winners.html .winners /domains/root/db/wme.html .wme /domains/root/db/wolterskluwer.html .wolterskluwer /domains/root/db/woodside.html .woodside /domains/root/db/work.html .work /domains/root/db/works.html .works /domains/root/db/world.html .world /domains/root/db/wow.html .wow /domains/root/db/ws.html .ws /domains/root/db/wtc.html .wtc /domains/root/db/wtf.html .wtf /domains/root/db/xbox.html .xbox /domains/root/db/xerox.html .xerox /domains/root/db/xfinity.html .xfinity /domains/root/db/xihuan.html .xihuan /domains/root/db/xin.html .xin /domains/root/db/xn--0zwm56d.html .测试 /domains/root/db/xn--11b4c3d.html .कॉम /domains/root/db/xn--11b5bs3a9aj6g.html .परीक्षा /domains/root/db/xn--1ck2e1b.html .セール /domains/root/db/xn--1qqw23a.html .佛山 /domains/root/db/xn--2scrj9c.html .ಭಾರತ /domains/root/db/xn--30rr7y.html .慈善 /domains/root/db/xn--3bst00m.html .集团 /domains/root/db/xn--3ds443g.html .在线 /domains/root/db/xn--3e0b707e.html .한국 /domains/root/db/xn--3hcrj9c.html .ଭାରତ /domains/root/db/xn--3oq18vl8pn36a.html .大众汽车 /domains/root/db/xn--3pxu8k.html .点看 /domains/root/db/xn--42c2d9a.html .คอม /domains/root/db/xn--45br5cyl.html .ভাৰত /domains/root/db/xn--45brj9c.html .ভারত /domains/root/db/xn--45q11c.html .八卦 /domains/root/db/xn--4gbrim.html ‏.موقع‎ /domains/root/db/xn--54b7fta0cc.html .বাংলা /domains/root/db/xn--55qw42g.html .公益 /domains/root/db/xn--55qx5d.html .公司 /domains/root/db/xn--5su34j936bgsg.html .香格里拉 /domains/root/db/xn--5tzm5g.html .网站 /domains/root/db/xn--6frz82g.html .移动 /domains/root/db/xn--6qq986b3xl.html .我爱你 /domains/root/db/xn--80adxhks.html .москва /domains/root/db/xn--80akhbyknj4f.html .испытание /domains/root/db/xn--80ao21a.html .қаз /domains/root/db/xn--80aqecdr1a.html .католик /domains/root/db/xn--80asehdb.html .онлайн /domains/root/db/xn--80aswg.html .сайт /domains/root/db/xn--8y0a063a.html .联通 /domains/root/db/xn--90a3ac.html .срб /domains/root/db/xn--90ae.html .бг /domains/root/db/xn--90ais.html .бел /domains/root/db/xn--9dbq2a.html ‏.קום‎ /domains/root/db/xn--9et52u.html .时尚 /domains/root/db/xn--9krt00a.html .微博 /domains/root/db/xn--9t4b11yi5a.html .테스트 /domains/root/db/xn--b4w605ferd.html .淡马锡 /domains/root/db/xn--bck1b9a5dre4c.html .ファッション /domains/root/db/xn--c1avg.html .орг /domains/root/db/xn--c2br7g.html .नेट /domains/root/db/xn--cck2b3b.html .ストア /domains/root/db/xn--cg4bki.html .삼성 /domains/root/db/xn--clchc0ea0b2g2a9gcd.html .சிங்கப்பூர் /domains/root/db/xn--czr694b.html .商标 /domains/root/db/xn--czrs0t.html .商店 /domains/root/db/xn--czru2d.html .商城 /domains/root/db/xn--d1acj3b.html .дети /domains/root/db/xn--d1alf.html .мкд /domains/root/db/xn--deba0ad.html ‏.טעסט‎ /domains/root/db/xn--e1a4c.html .ею /domains/root/db/xn--eckvdtc9d.html .ポイント /domains/root/db/xn--efvy88h.html .新闻 /domains/root/db/xn--estv75g.html .工行 /domains/root/db/xn--fct429k.html .家電 /domains/root/db/xn--fhbei.html ‏.كوم‎ /domains/root/db/xn--fiq228c5hs.html .中文网 /domains/root/db/xn--fiq64b.html .中信 /domains/root/db/xn--fiqs8s.html .中国 /domains/root/db/xn--fiqz9s.html .中國 /domains/root/db/xn--fjq720a.html .娱乐 /domains/root/db/xn--flw351e.html .谷歌 /domains/root/db/xn--fpcrj9c3d.html .భారత్ /domains/root/db/xn--fzc2c9e2c.html .ලංකා /domains/root/db/xn--fzys8d69uvgm.html .電訊盈科 /domains/root/db/xn--g2xx48c.html .购物 /domains/root/db/xn--g6w251d.html .測試 /domains/root/db/xn--gckr3f0f.html .クラウド /domains/root/db/xn--gecrj9c.html .ભારત /domains/root/db/xn--gk3at1e.html .通販 /domains/root/db/xn--h2breg3eve.html .भारतम् /domains/root/db/xn--h2brj9c.html .भारत /domains/root/db/xn--h2brj9c8c.html .भारोत /domains/root/db/xn--hgbk6aj7f53bba.html ‏.آزمایشی‎ /domains/root/db/xn--hlcj6aya9esc7a.html .பரிட்சை /domains/root/db/xn--hxt814e.html .网店 /domains/root/db/xn--i1b6b1a6a2e.html .संगठन /domains/root/db/xn--imr513n.html .餐厅 /domains/root/db/xn--io0a7i.html .网络 /domains/root/db/xn--j1aef.html .ком /domains/root/db/xn--j1amh.html .укр /domains/root/db/xn--j6w193g.html .香港 /domains/root/db/xn--jlq61u9w7b.html .诺基亚 /domains/root/db/xn--jvr189m.html .食品 /domains/root/db/xn--jxalpdlp.html .δοκιμή /domains/root/db/xn--kcrx77d1x4a.html .飞利浦 /domains/root/db/xn--kgbechtv.html ‏.إختبار‎ /domains/root/db/xn--kprw13d.html .台湾 /domains/root/db/xn--kpry57d.html .台灣 /domains/root/db/xn--kpu716f.html .手表 /domains/root/db/xn--kput3i.html .手机 /domains/root/db/xn--l1acc.html .мон /domains/root/db/xn--lgbbat1ad8j.html ‏.الجزائر‎ /domains/root/db/xn--mgb9awbf.html ‏.عمان‎ /domains/root/db/xn--mgba3a3ejt.html ‏.ارامكو‎ /domains/root/db/xn--mgba3a4f16a.html ‏.ایران‎ /domains/root/db/xn--mgba7c0bbn0a.html ‏.العليان‎ /domains/root/db/xn--mgbaam7a8h.html ‏.امارات‎ /domains/root/db/xn--mgbab2bd.html ‏.بازار‎ /domains/root/db/xn--mgbai9azgqp6j.html ‏.پاکستان‎ /domains/root/db/xn--mgbayh7gpa.html ‏.الاردن‎ /domains/root/db/xn--mgbb9fbpob.html ‏.موبايلي‎ /domains/root/db/xn--mgbbh1a.html ‏.بارت‎ /domains/root/db/xn--mgbbh1a71e.html ‏.بھارت‎ /domains/root/db/xn--mgbc0a9azcg.html ‏.المغرب‎ /domains/root/db/xn--mgbca7dzdo.html ‏.ابوظبي‎ /domains/root/db/xn--mgberp4a5d4ar.html ‏.السعودية‎ /domains/root/db/xn--mgbgu82a.html ‏.ڀارت‎ /domains/root/db/xn--mgbi4ecexp.html ‏.كاثوليك‎ /domains/root/db/xn--mgbpl2fh.html ‏.سودان‎ /domains/root/db/xn--mgbt3dhd.html ‏.همراه‎ /domains/root/db/xn--mgbtx2b.html ‏.عراق‎ /domains/root/db/xn--mgbx4cd0ab.html ‏.مليسيا‎ /domains/root/db/xn--mix891f.html .澳門 /domains/root/db/xn--mk1bu44c.html .닷컴 /domains/root/db/xn--mxtq1m.html .政府 /domains/root/db/xn--ngbc5azd.html ‏.شبكة‎ /domains/root/db/xn--ngbe9e0a.html ‏.بيتك‎ /domains/root/db/xn--node.html .გე /domains/root/db/xn--nqv7f.html .机构 /domains/root/db/xn--nqv7fs00ema.html .组织机构 /domains/root/db/xn--nyqy26a.html .健康 /domains/root/db/xn--o3cw4h.html .ไทย /domains/root/db/xn--ogbpf8fl.html ‏.سورية‎ /domains/root/db/xn--p1acf.html .рус /domains/root/db/xn--p1ai.html .рф /domains/root/db/xn--pbt977c.html .珠宝 /domains/root/db/xn--pgbs0dh.html ‏.تونس‎ /domains/root/db/xn--pssy2u.html .大拿 /domains/root/db/xn--q9jyb4c.html .みんな /domains/root/db/xn--qcka1pmc.html .グーグル /domains/root/db/xn--qxam.html .ελ /domains/root/db/xn--rhqv96g.html .世界 /domains/root/db/xn--rovu88b.html .書籍 /domains/root/db/xn--rvc1e0am3e.html .ഭാരതം /domains/root/db/xn--s9brj9c.html .ਭਾਰਤ /domains/root/db/xn--ses554g.html .网址 /domains/root/db/xn--t60b56a.html .닷넷 /domains/root/db/xn--tckwe.html .コム /domains/root/db/xn--tiq49xqyj.html .天主教 /domains/root/db/xn--unup4y.html .游戏 /domains/root/db/xn--vermgensberater-ctb.html .vermögensberater /domains/root/db/xn--vermgensberatung-pwb.html .vermögensberatung /domains/root/db/xn--vhquv.html .企业 /domains/root/db/xn--vuq861b.html .信息 /domains/root/db/xn--w4r85el8fhu5dnra.html .嘉里大酒店 /domains/root/db/xn--w4rs40l.html .嘉里 /domains/root/db/xn--wgbh1c.html ‏.مصر‎ /domains/root/db/xn--wgbl6a.html ‏.قطر‎ /domains/root/db/xn--xhq521b.html .广东 /domains/root/db/xn--xkc2al3hye2a.html .இலங்கை /domains/root/db/xn--xkc2dl3a5ee0h.html .இந்தியா /domains/root/db/xn--y9a3aq.html .հայ /domains/root/db/xn--yfro4i67o.html .新加坡 /domains/root/db/xn--ygbi2ammx.html ‏.فلسطين‎ /domains/root/db/xn--zckzah.html .テスト /domains/root/db/xn--zfr164b.html .政务 /domains/root/db/xperia.html .xperia /domains/root/db/xxx.html .xxx /domains/root/db/xyz.html .xyz /domains/root/db/yachts.html .yachts /domains/root/db/yahoo.html .yahoo /domains/root/db/yamaxun.html .yamaxun /domains/root/db/yandex.html .yandex /domains/root/db/ye.html .ye /domains/root/db/yodobashi.html .yodobashi /domains/root/db/yoga.html .yoga /domains/root/db/yokohama.html .yokohama /domains/root/db/you.html .you /domains/root/db/youtube.html .youtube /domains/root/db/yt.html .yt /domains/root/db/yun.html .yun /domains/root/db/za.html .za /domains/root/db/zappos.html .zappos /domains/root/db/zara.html .zara /domains/root/db/zero.html .zero /domains/root/db/zip.html .zip /domains/root/db/zippo.html .zippo /domains/root/db/zm.html .zm /domains/root/db/zone.html .zone /domains/root/db/zuerich.html .zuerich /domains/root/db/zw.html .zw]
